{
  "model_name": "meta-llama/Llama-3.2-1B-Instruct",
  "num_samples": 200,
  "rouge1": 0.3545633958887797,
  "rouge2": 0.1117964129289076,
  "rougeL": 0.26562850525807696
}