{
  "rouge1": 0.4719550325949532,
  "rouge2": 0.22683389697160572,
  "rougeL": 0.38887955418801934,
  "num_samples": 200,
  "base_model": "meta-llama/Llama-3.2-1B-Instruct",
  "adapters_name": "Llama-3.2-1B-QLoRA-Summarizer-adapters"
}