{
  "rouge1": 0.46740949938527887,
  "rouge2": 0.23172176159397923,
  "rougeL": 0.3887533023770531,
  "num_samples": 200,
  "base_model": "meta-llama/Llama-3.2-1B-Instruct",
  "adapter_dir": "/workspace/rt-llm-eng-cert-week3/data/outputs/grid_search/baseline_r8_lr0.0002_qv/lora_adapters"
}